plant,block,plot,A,B,C,D,E,F,G
53,1,1,-,-,-,-,-,-,-
52,1,1,-,-,-,-,-,-,-
14,1,1,-,-,-,-,-,-,-
53,1,3,-,-,-,-,-,-,-
53,1,5,-,-,-,-,-,-,-
33,1,5,-,-,-,-,-,-,-
53,1,6,-,-,-,-,-,-,-
52,1,6,-,-,-,-,-,-,-
24,1,6,-,-,-,-,-,-,-
5,1,6,-,-,-,-,-,-,-
53,2,1,-,-,-,-,-,-,-
52,2,1,-,-,-,-,-,-,-
51,2,1,-,-,-,-,-,-,-
53,2,2,-,-,-,-,-,-,-
53,2,3,-,-,-,-,-,-,-
52,2,3,-,-,-,-,-,-,-
29,2,3,-,-,-,-,-,-,-
53,2,4,-,-,-,-,-,-,-
53,2,5,-,-,-,-,-,-,-
52,2,5,-,-,-,-,-,-,-
51,2,5,-,-,-,-,-,-,-
50,2,5,-,-,-,-,-,-,-
49,2,5,-,-,-,-,-,-,-
48,2,5,-,-,-,-,-,-,-
47,2,5,-,-,-,-,-,-,-
46,2,5,-,-,-,-,-,-,-
45,2,5,-,-,-,-,-,-,-
44,2,5,-,-,-,-,-,-,-
43,2,5,-,-,-,-,-,-,-
42,2,5,-,-,-,-,-,-,-
41,2,5,-,-,-,-,-,-,-
40,2,5,-,-,-,-,-,-,-
39,2,5,-,-,-,-,-,-,-
38,2,5,-,-,-,-,-,-,-
37,2,5,-,-,-,-,-,-,-
36,2,5,-,-,-,-,-,-,-
35,2,5,-,-,-,-,-,-,-
34,2,5,-,-,-,-,-,-,-
33,2,5,-,-,-,-,-,-,-
32,2,5,-,-,-,-,-,-,-
31,2,5,-,-,-,-,-,-,-
30,2,5,-,-,-,-,-,-,-
29,2,5,-,-,-,-,-,-,-
28,2,5,-,-,-,-,-,-,-
27,2,5,-,-,-,-,-,-,-
26,2,5,-,-,-,-,-,-,-
25,2,5,-,-,-,-,-,-,-
24,2,5,-,-,-,-,-,-,-
23,2,5,-,-,-,-,-,-,-
22,2,5,-,-,-,-,-,-,-
21,2,5,-,-,-,-,-,-,-
20,2,5,-,-,-,-,-,-,-
19,2,5,-,-,-,-,-,-,-
18,2,5,-,-,-,-,-,-,-
17,2,5,-,-,-,-,-,-,-
16,2,5,-,-,-,-,-,-,-
15,2,5,-,-,-,-,-,-,-
14,2,5,-,-,-,-,-,-,-
13,2,5,-,-,-,-,-,-,-
12,2,5,-,-,-,-,-,-,-
11,2,5,-,-,-,-,-,-,-
10,2,5,-,-,-,-,-,-,-
9,2,5,-,-,-,-,-,-,-
8,2,5,-,-,-,-,-,-,-
7,2,5,-,-,-,-,-,-,-
6,2,5,-,-,-,-,-,-,-
5,2,5,-,-,-,-,-,-,-
4,2,5,-,-,-,-,-,-,-
3,2,5,-,-,-,-,-,-,-
2,2,5,-,-,-,-,-,-,-
1,2,5,-,-,-,-,-,-,-
52,3,1,-,-,-,-,-,-,-
49,3,1,-,-,-,-,-,-,-
45,3,1,-,-,-,-,-,-,-
57,3,2,-,-,-,-,-,-,-
56,3,2,-,-,-,-,-,-,-
55,3,2,-,-,-,-,-,-,-
54,3,2,-,-,-,-,-,-,-
53,3,2,-,-,-,-,-,-,-
52,3,2,-,-,-,-,-,-,-
57,3,3,-,-,-,-,-,-,-
56,3,3,-,-,-,-,-,-,-
55,3,3,-,-,-,-,-,-,-
54,3,3,-,-,-,-,-,-,-
53,3,3,-,-,-,-,-,-,-
52,3,3,-,-,-,-,-,-,-
57,3,4,-,-,-,-,-,-,-
56,3,4,-,-,-,-,-,-,-
55,3,4,-,-,-,-,-,-,-
54,3,4,-,-,-,-,-,-,-
53,3,4,-,-,-,-,-,-,-
52,3,4,-,-,-,-,-,-,-
51,3,4,-,-,-,-,-,-,-
57,3,5,-,-,-,-,-,-,-
56,3,5,-,-,-,-,-,-,-
55,3,5,-,-,-,-,-,-,-
54,3,5,-,-,-,-,-,-,-
53,3,5,-,-,-,-,-,-,-
52,3,5,-,-,-,-,-,-,-
57,3,6,-,-,-,-,-,-,-
56,3,6,-,-,-,-,-,-,-
55,3,6,-,-,-,-,-,-,-
54,3,6,-,-,-,-,-,-,-
53,3,6,-,-,-,-,-,-,-
52,3,6,-,-,-,-,-,-,-
52,4,1,-,-,-,-,-,-,-
52,4,3,-,-,-,-,-,-,-
52,4,4,-,-,-,-,-,-,-
51,4,4,-,-,-,-,-,-,-
24,4,4,-,-,-,-,-,-,-
52,4,5,-,-,-,-,-,-,-
51,4,5,-,-,-,-,-,-,-
52,4,6,-,-,-,-,-,-,-
51,4,6,-,-,-,-,-,-,-
50,4,6,-,-,-,-,-,-,-
54,5,2,-,-,-,-,-,-,-
53,5,2,-,-,-,-,-,-,-
54,5,3,-,-,-,-,-,-,-
53,5,3,-,-,-,-,-,-,-
52,5,3,-,-,-,-,-,-,-
54,5,4,-,-,-,-,-,-,-
53,5,4,-,-,-,-,-,-,-
54,5,5,-,-,-,-,-,-,-
53,5,5,-,-,-,-,-,-,-
52,5,5,-,-,-,-,-,-,-
51,5,5,-,-,-,-,-,-,-
54,5,6,-,-,-,-,-,-,-
53,5,6,-,-,-,-,-,-,-
52,5,6,-,-,-,-,-,-,-
57,6,1,-,-,-,-,-,-,-
56,6,1,-,-,-,-,-,-,-
55,6,1,-,-,-,-,-,-,-
54,6,1,-,-,-,-,-,-,-
57,6,2,-,-,-,-,-,-,-
56,6,2,-,-,-,-,-,-,-
55,6,2,-,-,-,-,-,-,-
54,6,2,-,-,-,-,-,-,-
53,6,2,-,-,-,-,-,-,-
57,6,3,-,-,-,-,-,-,-
56,6,3,-,-,-,-,-,-,-
55,6,3,-,-,-,-,-,-,-
54,6,3,-,-,-,-,-,-,-
57,6,4,-,-,-,-,-,-,-
56,6,4,-,-,-,-,-,-,-
55,6,4,-,-,-,-,-,-,-
54,6,4,-,-,-,-,-,-,-
53,6,4,-,-,-,-,-,-,-
52,6,4,-,-,-,-,-,-,-
44,6,5,-,-,-,-,-,-,-
57,6,6,-,-,-,-,-,-,-
56,6,6,-,-,-,-,-,-,-
55,6,6,-,-,-,-,-,-,-
54,6,6,-,-,-,-,-,-,-
53,6,6,-,-,-,-,-,-,-
31,4,1,-,-,-,-,-,-,-
48,5,1,-,-,-,-,-,-,-
23,5,1,-,-,-,-,-,-,-
17,5,4,-,-,-,-,-,-,-
26,5,5,-,-,-,-,-,-,-
4,4,2,-,-,-,-,-,-,-
35,1,2,-,-,-,-,-,-,-
18,2,4,-,-,-,-,-,-,-
5,3,6,-,-,-,-,-,-,-
31,2,6,,,,O_S,O_S,O_S,O_S
37,2,6,,,,O_S,O_S,O_S,O_S
36,2,6,,,,O_S,O_S,O_S,O_S
34,2,6,,,,O_S,O_S,O_S,O_S
32,2,6,,,,O_S,O_S,O_S,O_S
29,2,6,,,,O_S,O_S,O_S,O_S
27,2,6,,,,O_S,O_S,O_S,O_S
26,2,6,,,,O_S,O_S,O_S,O_S
24,2,6,,,,O_S,O_S,O_S,O_S
23,2,6,,,,O_S,O_S,O_S,O_S
36,1,2,,CT_S,CT_S,CT_S,CT_S,CT_D,CT_D
19,1,2,,,CT_S,CT_S,CT_S,CT_S,CT_D
2,1,2,,CT_S,CT_S,CT_S,CT_S,CT_S,CT_D
1,1,2,,CT_S,CT_S,CT_S,CT_S,CT_S,CT_D
37,1,2,,CT_S,CT_S,CT_D,CT_D,CT_D,CT_D
42,1,3,,CT_S,CT_S,CT_S,CT_S,CT_S,CT_D
45,1,5,,,,,,CT_S,CT_D
28,1,6,,CT_S,CT_S,CT_S,CT_S,CT_S,CT_D
27,1,6,,,CT_S,CT_S,CT_S,CT_S,CT_D
31,2,2,,CT_S,CT_S,CT_S,CT_S,CT_D,CT_D
38,2,3,,CT_S,CT_S,CT_S,CT_D,CT_D,CT_D
28,2,3,,,CT_S,CT_D,CT_D,CT_D,CT_D
40,2,4,,CT_S,CT_S,CT_S,CT_S,CT_S,CT_D
33,2,6,,CT_S,CT_S,CT_D,CT_D,CT_D,CT_D
28,2,6,,CT_S,CT_S,CT_D,CT_D,CT_D,CT_D
25,2,6,,CT_S,CT_S,CT_D,CT_D,CT_D,CT_D
47,3,1,,CT_S,CT_S,CT_S,CT_S,CT_S,CT_D
49,3,2,,CT_S,CT_S,CT_S,CT_D,CT_D,CT_D
50,3,5,,CT_S,CT_S,CT_S,CT_D,CT_D,CT_D
18,3,5,,CT_S,CT_S,CT_S,CT_S,CT_S,CT_D
3,4,1,,CT_S,CT_S,CT_S,CT_S,CT_S,CT_D
30,4,1,,CT_S,CT_S,CT_S,CT_S,CT_D,CT_D
25,4,1,,CT_S,CT_S,CT_S,CT_S,CT_D,CT_D
34,4,1,,CT_S,CT_S,CT_S,CT_S,CT_S,CT_D
47,4,1,,CT_S,CT_S,CT_S,CT_D,CT_D,CT_D
35,4,1,,CT_S,CT_S,CT_D,CT_D,CT_D,CT_D
2,4,1,,,,,CT_S,CT_S,CT_D
10,4,2,,,CT_S,CT_S,CT_S,CT_D,CT_D
7,4,2,,,CT_S,CT_S,CT_S,CT_S,CT_D
46,4,3,,CT_S,CT_D,CT_D,CT_D,CT_D,CT_D
32,4,3,,,,,CT_S,CT_S,CT_D
43,4,6,,CT_S,CT_S,CT_S,CT_S,CT_S,CT_D
49,4,6,,,,,CT_S,CT_S,CT_D
9,5,1,,CT_S,CT_S,CT_D,CT_D,CT_D,CT_D
17,5,1,,,,,CT_S,CT_S,CT_D
19,5,1,,,,,CT_S,CT_D,CT_D
11,5,1,,,CT_S,CT_S,CT_D,CT_D,CT_D
31,5,5,,CT_S,CT_D,CT_D,CT_D,CT_D,CT_D
38,6,2,,CT_S,CT_D,CT_D,CT_D,CT_D,CT_D
46,6,5,,,,CT_S,CT_S,CT_S,CT_D
19,1,1,,CT_S,CT_S,CT_S,CT_S,,CT_S
25,1,1,,,,CT_S,CT_S,CT_S,CT_S
23,1,1,,,,CT_S,CT_S,CT_S,CT_S
13,1,1,,,,,,CT_S,CT_S
50,1,2,,CT_S,CT_S,CT_S,CT_S,CT_S,CT_S
7,1,3,,,CT_S,CT_S,CT_S,CT_S,CT_S
30,1,3,,,,,CT_S,CT_S,CT_S
21,1,3,,,,,CT_S,CT_S,CT_S
16,1,3,,,,CT_S,CT_S,CT_S,CT_S
14,1,3,,,,,CT_S,CT_S,CT_S
13,1,3,,,,,CT_S,CT_S,CT_S
12,1,3,,,,,CT_S,CT_S,CT_S
11,1,3,,,,,CT_S,CT_S,CT_S
9,1,3,,,,,CT_S,CT_S,CT_S
1,1,3,,,,,CT_S,CT_S,CT_S
32,1,5,,,CT_S,CT_S,CT_S,CT_S,CT_S
1,1,5,,CT_S,CT_S,CT_S,CT_S,CT_S,CT_S
6,1,5,,,CT_S,CT_S,,CT_S,CT_S
5,1,5,,,CT_S,,,,CT_S
15,1,6,,CT_S,CT_S,CT_S,CT_S,CT_S,CT_S
40,1,6,,CT_S,CT_S,CT_S,CT_S,CT_S,CT_S
39,1,6,,CT_S,CT_S,CT_S,CT_S,CT_S,CT_S
29,1,6,,CT_S,CT_S,CT_S,CT_S,CT_S,CT_S
6,1,6,,CT_S,CT_S,CT_S,CT_S,CT_S,CT_S
30,1,6,,CT_S,CT_S,CT_S,CT_S,CT_S,CT_S
19,1,6,,,CT_S,CT_S,CT_S,CT_S,CT_S
43,1,6,,,,,CT_S,CT_S,CT_S
32,1,6,,,,,CT_S,CT_S,CT_S
7,1,6,,,,,CT_S,CT_S,CT_S
36,2,2,,CT_S,CT_S,CT_S,CT_S,CT_S,CT_S
30,2,2,,CT_S,CT_S,CT_S,CT_S,,CT_S
39,2,2,,CT_S,CT_S,CT_S,CT_S,CT_S,CT_S
11,2,2,,CT_S,CT_S,CT_S,CT_S,CT_S,CT_S
10,2,2,,,CT_S,CT_S,CT_S,CT_S,CT_S
36,2,3,,CT_S,CT_S,CT_S,CT_S,CT_S,CT_S
2,2,4,,CT_S,CT_S,CT_S,CT_S,CT_S,CT_S
12,2,4,,CT_S,CT_S,CT_S,CT_S,CT_S,CT_S
8,2,4,,,,,,CT_S,CT_S
37,2,4,,,,,,CT_S,CT_S
38,2,6,,CT_S,CT_S,CT_S,CT_S,CT_S,CT_S
15,2,6,,,,CT_S,CT_S,CT_S,CT_S
16,3,1,,CT_S,CT_S,CT_S,CT_S,CT_S,CT_S
12,3,1,,CT_S,CT_S,CT_S,CT_S,CT_S,CT_S
8,3,1,,,CT_S,CT_S,CT_S,CT_S,CT_S
1,3,2,,,,,CT_S,CT_S,CT_S
24,3,2,,,,,CT_S,CT_S,CT_S
9,3,3,,,,CT_S,CT_S,CT_S,CT_S
37,3,3,,CT_S,CT_S,CT_S,CT_S,CT_S,CT_S
5,3,3,,,,,,CT_S,CT_S
31,3,4,,,CT_S,CT_S,,CT_S,CT_S
13,3,4,,,CT_S,CT_S,,CT_S,CT_S
2,3,4,,,CT_S,CT_S,,CT_S,CT_S
27,3,5,,CT_S,CT_S,CT_S,CT_S,CT_S,CT_S
1,3,6,,CT_S,CT_S,CT_S,CT_S,CT_S,CT_S
28,3,6,,CT_S,CT_S,CT_S,CT_S,CT_S,CT_S
21,3,6,,CT_S,CT_S,CT_S,CT_S,CT_S,CT_S
14,3,6,,CT_S,CT_S,CT_S,CT_S,CT_S,CT_S
13,3,6,,CT_S,CT_S,CT_S,CT_S,CT_S,CT_S
8,3,6,,CT_S,CT_S,CT_S,CT_S,CT_S,CT_S
2,3,6,,CT_S,CT_S,CT_S,CT_S,CT_S,CT_S
4,3,6,,,CT_S,CT_S,CT_S,CT_S,CT_S
49,3,6,,,,,,CT_S,CT_S
1,4,1,,,,,CT_S,CT_S,CT_S
28,4,2,,CT_S,CT_S,CT_S,CT_S,CT_S,CT_S
32,4,2,,,,,CT_S,CT_S,CT_S
6,4,2,,,CT_S,CT_S,CT_S,CT_S,CT_S
34,4,2,,,,CT_S,CT_S,CT_S,CT_S
51,4,2,,,,,CT_S,CT_S,CT_S
50,4,2,,,,,CT_S,CT_S,CT_S
14,4,2,,,,,CT_S,CT_S,CT_S
11,4,2,,,,,CT_S,CT_S,CT_S
8,4,2,,,,,CT_S,CT_S,CT_S
1,4,2,,,,,CT_S,CT_S,CT_S
42,4,2,,,,,,CT_S,CT_S
38,4,2,,,,,,CT_S,CT_S
36,4,2,,,,,,CT_S,CT_S
35,4,2,,,,,,CT_S,CT_S
12,4,2,,,,,,CT_S,CT_S
2,4,2,,,,,,CT_S,CT_S
25,4,2,,,,,,CT_S,CT_S
13,4,2,,,,,,CT_S,CT_S
6,4,3,,CT_S,CT_S,CT_S,CT_S,CT_S,CT_S
50,4,3,,CT_S,CT_S,CT_S,CT_S,CT_S,CT_S
2,4,3,,CT_S,CT_S,CT_S,CT_S,CT_S,CT_S
34,4,3,,,CT_S,CT_S,CT_S,CT_S,CT_S
33,4,3,,,CT_S,CT_S,CT_S,CT_S,CT_S
21,4,3,,,CT_S,CT_S,CT_S,CT_S,CT_S
39,4,3,,,CT_S,CT_S,,CT_S,CT_S
44,4,3,,,,CT_S,CT_S,CT_S,CT_S
43,4,3,,,,CT_S,CT_S,CT_S,CT_S
49,4,3,,,,,CT_S,CT_S,CT_S
2,4,4,,CT_S,CT_S,CT_S,CT_S,CT_S,CT_S
36,4,4,,CT_S,CT_S,CT_S,CT_S,CT_S,CT_S
23,4,4,,,,,,CT_S,CT_S
19,4,5,,CT_S,CT_S,CT_S,CT_S,CT_S,CT_S
2,4,5,,CT_S,CT_S,CT_S,CT_S,CT_S,CT_S
15,4,6,,CT_S,CT_S,CT_S,CT_S,CT_S,CT_S
37,4,6,,CT_S,CT_S,CT_S,CT_S,CT_S,CT_S
36,4,6,,CT_S,CT_S,CT_S,CT_S,CT_S,CT_S
1,4,6,,CT_S,CT_S,CT_S,CT_S,CT_S,CT_S
10,4,6,,,,CT_S,CT_S,CT_S,CT_S
8,5,2,,CT_S,CT_S,CT_S,CT_S,,CT_S
20,5,2,,CT_S,CT_S,CT_S,CT_S,CT_S,CT_S
37,5,2,,,CT_S,CT_S,CT_S,CT_S,CT_S
1,5,2,,,CT_S,CT_S,CT_S,CT_S,CT_S
30,5,2,,,,CT_S,CT_S,CT_S,CT_S
1,5,4,,CT_S,CT_S,CT_S,CT_S,CT_S,CT_S
36,5,4,,CT_S,CT_S,CT_S,CT_S,CT_S,CT_S
45,5,4,,,,CT_S,CT_S,CT_S,CT_S
48,5,4,,,,,CT_S,CT_S,CT_S
52,5,4,,,,,,CT_S,CT_S
44,5,5,,CT_S,CT_S,CT_S,CT_S,CT_S,CT_S
23,5,5,,CT_S,CT_S,CT_S,CT_S,CT_S,CT_S
16,5,5,,,CT_S,CT_S,CT_S,CT_S,CT_S
3,5,6,,,,,CT_S,CT_S,CT_S
35,6,1,,CT_S,CT_S,CT_S,CT_S,CT_S,CT_S
33,6,1,,CT_S,CT_S,CT_S,CT_S,,CT_S
2,6,1,,,CT_S,CT_S,CT_S,CT_S,CT_S
50,6,1,,,,,CT_S,CT_S,CT_S
7,6,3,,,,CT_S,CT_S,CT_S,CT_S
11,6,3,,,,,CT_S,CT_S,CT_S
27,6,4,,CT_S,CT_S,CT_S,CT_S,CT_S,CT_S
9,6,4,,CT_S,CT_S,CT_S,CT_S,CT_S,CT_S
49,6,4,,CT_S,CT_S,CT_S,CT_S,,CT_S
19,6,4,,CT_S,CT_S,CT_S,CT_S,,CT_S
50,6,4,,CT_S,CT_S,CT_S,CT_S,CT_S,CT_S
2,6,4,,CT_S,CT_S,CT_S,CT_S,CT_S,CT_S
35,6,4,,CT_S,CT_S,CT_S,CT_S,CT_S,CT_S
4,6,4,,,,CT_S,CT_S,CT_S,CT_S
51,6,4,,,,,CT_S,CT_S,CT_S
8,6,6,,CT_S,CT_S,CT_S,CT_S,CT_S,CT_S
24,1,1,O_D,O_D,O_D,O_D,O_D,O_D,O_D
6,1,1,,,,,,O_D,O_D
49,1,2,,,,,,O_D,O_D
46,1,2,,,,,,O_D,O_D
38,1,2,,,,,,O_D,O_D
9,1,2,,,,,,,O_D
16,1,2,,,,,,,O_D
25,1,2,,,,,,,O_D
8,1,3,,O_D,O_D,O_D,O_D,O_D,O_D
6,1,3,,,,,,,O_D
47,1,4,,,,,,,O_D
51,1,4,,,,,,,O_D
53,1,4,,,,,O_D,O_D,O_D
49,1,4,,,,,,O_D,O_D
9,1,4,,,,,,O_D,O_D
48,1,4,,,,,,,O_D
52,1,4,,,,,,,O_D
17,1,5,,,O_D,O_D,O_D,O_D,O_D
42,1,5,,,,,,,O_D
40,1,5,,,,,,O_S,O_D
2,1,5,,,,,,,O_D
3,1,5,,,,,,,O_D
19,1,5,,,,,,,O_D
41,1,5,,,,,,,O_D
43,1,5,,,,,,,O_D
46,1,5,,,,,,,O_D
51,1,5,,,,,,,O_D
22,1,6,,,O_D,O_D,O_D,O_D,O_D
26,1,6,O_D,O_D,O_D,O_D,O_D,O_D,O_D
1,1,6,,,,,,,O_D
2,1,6,,,,,,,O_D
14,1,6,,,,,,,O_D
42,2,1,,,,,O_D,,O_D
27,2,1,,,,,,O_D,O_D
16,2,1,,,,,,,O_D
34,2,3,,,,,,,O_D
11,2,3,,O_S,O_S,O_D,O_D,O_D,O_D
50,2,3,,,CT_S,CT_S,CT_S,,O_D
7,2,3,,,,,O_S,O_S,O_D
48,2,3,,,,,O_S,O_S,O_D
19,2,3,,,,,O_D,O_D,O_D
18,2,3,,,,,O_D,O_D,O_D
16,2,3,,,,,O_D,O_D,O_D
15,2,3,,,,,O_D,O_D,O_D
14,2,3,,,,,O_D,O_D,O_D
22,2,3,,,,,,O_D,O_D
45,2,3,,,,,,O_S,O_D
4,2,3,,,,,,,O_D
30,2,3,,,,,,,O_D
31,2,3,,,,,,,O_D
32,2,3,,,,,,,O_D
33,2,3,,,,,,,O_D
35,2,3,,,,,,,O_D
37,2,3,,,,,,,O_D
39,2,3,,,,,,,O_D
41,2,3,,,,,,,O_D
42,2,3,,,,,,,O_D
43,2,3,,,,,,,O_D
44,2,3,,,,,,,O_D
46,2,3,,,,,,,O_D
49,2,3,,,,,,,O_D
51,2,3,,,,,,,O_D
49,2,4,,,,,,,O_D
28,2,4,,,,,,O_S,O_D
51,2,4,,,,,,O_S,O_D
39,2,4,,,,,,,O_D
30,2,6,O_D,O_D,O_D,O_D,O_D,O_D,O_D
48,2,6,,,,,,,O_D
48,3,1,O_D,O_D,O_D,O_D,O_D,O_D,O_D
44,3,1,,,,,,,O_D
43,3,1,,,,,,,O_D
25,3,2,,,,O_D,O_D,O_D,O_D
48,3,2,,,O_S,O_S,O_D,O_D,O_D
13,3,2,,,O_S,O_S,,,O_D
26,3,2,,,,,,,O_D
27,3,2,,,,,,,O_D
18,3,3,,,,,,O_S,O_D
7,3,3,,,,,,,O_D
20,3,3,,,,,,,O_D
21,3,3,,,,,,,O_D
50,3,3,,,,,,,O_D
9,3,4,,,,,,,O_D
44,3,5,,,O_S,O_S,O_D,O_D,O_D
7,3,5,,CT_S,CT_S,O_S,O_S,O_D,O_D
9,3,5,,CT_S,CT_S,O_S,O_S,O_S,O_D
8,3,5,,CT_S,CT_S,O_S,O_S,O_S,O_D
46,3,5,,,,,O_S,O_S,O_D
32,3,5,,,,,,,O_D
10,3,5,,,,,,,O_D
22,3,5,,,,,,,O_D
23,3,5,,,,,,,O_D
26,3,5,,,,,,,O_D
30,3,5,,,,,,,O_D
31,3,5,,,,,,,O_D
37,3,5,,,,,,,O_D
40,3,5,,,,,,,O_D
12,3,6,O_D,O_D,O_D,O_D,O_D,O_D,O_D
29,3,6,,O_D,O_D,O_D,O_D,O_D,O_D
7,3,6,,O_D,O_D,O_D,O_D,O_D,O_D
46,3,6,,,,,,,O_D
15,4,1,,,O_D,O_D,O_D,O_D,O_D
20,4,1,,,,,,O_D,O_D
36,4,1,,,,CT_S,CT_S,O_S,O_D
41,4,1,,,,,,O_D,O_D
40,4,1,,,,,,O_D,O_D
27,4,1,,,,,,O_D,O_D
19,4,1,,,,,,O_D,O_D
5,4,1,,,,,,O_D,O_D
10,4,1,,,,,,,O_D
13,4,1,,,,,,,O_D
28,4,1,,,,,,,O_D
33,4,1,,,,,,,O_D
37,4,1,,,,,,,O_D
43,4,1,,,,,,,O_D
44,4,1,,,,,,,O_D
51,4,1,,,,,,,O_D
9,4,2,O_D,O_D,O_D,O_D,O_D,O_D,O_D
45,4,3,,,SB_S,,O_S,O_S,O_D
1,4,3,,,,,,,O_D
3,4,3,,,,,,,O_D
29,4,3,,,,,,,O_D
30,4,3,,,,,,,O_D
31,4,3,,,,,,,O_D
30,4,4,O_D,O_D,O_D,O_D,O_D,O_D,O_D
48,4,4,,,,,,O_S,O_D
7,4,4,,,,,,O_S,O_D
29,4,5,,,,,O_S,O_S,O_D
21,4,5,,,,,,O_D,O_D
37,4,5,,,,,O_D,O_D,O_D
32,4,5,,,,,O_D,O_D,O_D
28,4,5,,,,,O_D,O_D,O_D
27,4,5,,,,,O_D,O_D,O_D
41,4,5,,,,,,O_D,O_D
30,4,5,,,,,,O_D,O_D
25,4,5,,,,,,O_D,O_D
24,4,5,,,,,,O_D,O_D
40,4,5,,,,,,O_S,O_D
16,4,5,,,,,,O_S,O_D
40,4,6,,,,,,,O_D
26,4,6,,O_S,O_S,O_S,O_S,O_S,O_D
8,4,6,,O_D,O_D,O_D,O_D,O_D,O_D
46,4,6,,,,,,O_D,O_D
45,4,6,,,,,,O_D,O_D
41,4,6,,,,,,O_D,O_D
47,4,6,,,,,,O_S,O_D
30,4,6,,,,,,O_S,O_D
29,4,6,,,,,,O_S,O_D
27,4,6,,,,,,O_S,O_D
48,4,6,,,,,,,O_D
24,5,1,,,,,,O_D,O_D
10,5,1,,,,,,,O_D
52,5,1,,,,,O_S,O_S,O_D
33,5,1,,,,,O_D,O_D,O_D
40,5,1,,,,,,O_D,O_D
36,5,1,,,,,,O_D,O_D
27,5,1,,,,,,O_D,O_D
26,5,1,,,,,,O_D,O_D
25,5,1,,,,,,O_D,O_D
5,5,1,,,,,,,O_D
6,5,1,,,,,,,O_D
16,5,1,,,,,,,O_D
34,5,1,,,,,,,O_D
35,5,1,,,,,,,O_D
49,5,1,,,,,,,O_D
53,5,1,,,,,,,O_D
54,5,1,,,,,,,O_D
23,5,2,O_D,O_D,O_D,O_D,O_D,O_D,O_D
40,5,2,,,,,,O_S,O_D
7,5,2,,,,,,O_S,O_D
50,5,2,,,,,,,O_D
6,5,2,,,,,,,O_D
10,5,2,,,,,,,O_D
22,5,2,,,,,,,O_D
42,5,2,,,,,,,O_D
50,5,3,,,,,O_D,O_D,O_D
41,5,3,,,,,O_D,O_D,O_D
30,5,3,,,,,O_D,O_D,O_D
4,5,3,,,,,O_D,O_D,O_D
13,5,3,,O_D,O_D,O_D,O_D,O_D,O_D
27,5,3,,,,CT_S,CT_S,O_S,O_D
45,5,3,,,,,O_D,O_D,O_D
42,5,3,,,,,O_D,O_D,O_D
28,5,3,,,,,O_D,O_D,O_D
16,5,3,,,,,,O_D,O_D
15,5,3,,,,,,O_D,O_D
6,5,3,,,,,,O_D,O_D
7,5,3,,,,,,,O_D
51,5,3,,,,,,,O_D
18,5,4,O_D,O_D,O_D,O_D,O_D,O_D,O_D
5,5,4,,O_D,O_D,O_D,O_D,O_D,O_D
14,5,4,,,,CT_S,CT_S,O_S,O_D
7,5,4,,,,,,,O_D
4,5,5,,,O_D,O_D,O_D,O_D,O_D
29,5,5,,,,,,,O_D
38,5,5,,,,,,O_S,O_D
40,5,5,,,,,,,O_D
37,5,5,,,,,,,O_D
41,5,5,,,-,-,-,-,O_D
39,5,5,,,-,-,-,-,O_D
11,5,5,,,,,,O_S,O_D
6,5,5,,,,CT_S,CT_S,O_S,O_D
20,5,5,,,,,,O_D,O_D
35,5,5,,,,,,O_S,O_D
28,5,5,,,,,,O_S,O_D
12,5,5,,,,,,O_S,O_D
9,5,5,,,,,,O_S,O_D
7,5,5,,,,,,,O_D
27,5,5,,,,,,,O_D
32,5,5,,,,,,,O_D
2,5,6,O_D,O_D,O_D,O_D,O_D,O_D,O_D
21,5,6,,,,,,O_S,O_D
5,5,6,,,,O_S,O_S,O_S,O_D
31,5,6,,,,,,O_D,O_D
50,5,6,,,,,,O_S,O_D
36,5,6,,,,,,O_S,O_D
22,5,6,,,,,,O_S,O_D
37,5,6,,,,,,,O_D
48,5,6,,,,,,,O_D
51,5,6,,,,,,,O_D
1,6,2,,,O_S,O_S,O_D,O_D,O_D
36,6,2,,,,,,,O_D
21,6,2,,,,,,,O_D
6,6,2,,,,,,,O_D
40,6,2,,,O_D,O_D,O_D,O_D,O_D
49,6,2,,,,,O_D,O_D,O_D
48,6,2,,,,,O_D,O_D,O_D
5,6,2,,,,,,,O_D
9,6,2,,,,,,,O_D
14,6,2,,,,,,,O_D
20,6,2,,,,,,,O_D
27,6,2,,,,,,,O_D
31,6,2,,,,,,,O_D
21,6,3,,O_S,O_S,O_S,O_D,O_D,O_D
39,6,3,,O_D,O_D,O_D,O_D,O_D,O_D
29,6,3,,O_D,O_D,O_D,O_D,O_D,O_D
16,6,3,,O_D,O_D,O_D,O_D,O_D,O_D
53,6,3,,,,O_S,O_S,O_S,O_D
1,6,3,,,,O_D,O_D,O_D,O_D
19,6,3,,,,,O_S,O_D,O_D
38,6,3,,,,,O_D,O_D,O_D
5,6,3,,,,,O_D,O_D,O_D
14,6,3,,,,,,O_D,O_D
13,6,3,,,,,,O_D,O_D
22,6,3,,,,,,O_D,O_D
23,6,3,,,,,,,O_D
26,6,4,,O_D,O_D,O_D,O_D,O_D,O_D
12,6,4,,,,,,,O_D
24,6,4,,,,,,,O_D
45,6,5,,,-,-,-,-,O_D
23,6,6,,O_D,O_D,O_D,O_D,O_D,O_D
24,6,6,,,,,,,O_D
25,6,6,,,,,,,O_D
34,1,1,,,,,,,O_S
3,1,1,,,,,,,O_S
2,1,1,,,,,,,O_S
32,1,1,,,,,,,O_S
1,1,1,,,,,,,O_S
4,1,1,,,,,,,O_S
5,1,1,,,,,,,O_S
7,1,1,,,,,,,O_S
8,1,1,,,,,,,O_S
9,1,1,,,,,,,O_S
10,1,1,,,,,,,O_S
11,1,1,,,,,,,O_S
26,1,1,,,,,,,O_S
35,1,1,,,,,,,O_S
37,1,1,,,,,,,O_S
40,1,1,,,,,,,O_S
42,1,1,,,,,,,O_S
43,1,1,,,,,,,O_S
12,1,1,,,,,,,O_S
16,1,1,,,,,,,O_S
17,1,1,,,,,,,O_S
18,1,1,,,,,,,O_S
20,1,1,,,,,,,O_S
21,1,1,,,,,,,O_S
22,1,1,,,,,,,O_S
27,1,1,,,,,,,O_S
28,1,1,,,,,,,O_S
29,1,1,,,,,,,O_S
30,1,1,,,,,,,O_S
31,1,1,,,,,,,O_S
36,1,1,,,,,,,O_S
38,1,1,,,,,,,O_S
39,1,1,,,,,,,O_S
44,1,1,,,,,,,O_S
20,1,2,,,,,,,O_S
34,1,2,,,,,,,O_S
29,1,2,,O_S,O_S,O_S,O_S,O_S,O_S
5,1,2,,O_S,O_S,O_S,O_S,O_S,O_S
4,1,2,,O_S,O_S,O_S,O_S,O_S,O_S
30,1,2,,,,,,,O_S
10,1,2,,,,,,,O_S
14,1,2,,,,,,,O_S
15,1,2,,,,,,,O_S
41,1,2,,,,,,,O_S
42,1,2,,,,,,,O_S
43,1,2,,,,,,,O_S
44,1,2,,,,,,,O_S
8,1,2,,,,,,,O_S
11,1,2,,,,,,,O_S
12,1,2,,,,,,,O_S
22,1,2,,,,,,,O_S
23,1,2,,,,,,,O_S
24,1,2,,,,,,,O_S
26,1,2,,,,,,,O_S
31,1,2,,,,,,,O_S
32,1,2,,,,,,,O_S
33,1,2,,,,,,,O_S
40,1,2,,,,,,,O_S
47,1,2,,,,,,,O_S
48,1,2,,,,,,,O_S
52,1,2,,,,,,,O_S
41,1,3,,,,,,,O_S
4,1,3,,,,,,,O_S
26,1,3,,,,SB_S,,,O_S
2,1,3,,,,,,,O_S
3,1,3,,,,,,,O_S
5,1,3,,,,,,,O_S
10,1,3,,,,,,,O_S
17,1,3,,,,,,,O_S
18,1,3,,,,,,,O_S
19,1,3,,,,,,,O_S
22,1,3,,,,,,,O_S
23,1,3,,,,,,,O_S
24,1,3,,,,,,,O_S
25,1,3,,,,,,,O_S
31,1,3,,,,,,,O_S
34,1,3,,,,,,,O_S
36,1,3,,,,,,,O_S
37,1,3,,,,,,,O_S
38,1,3,,,,,,,O_S
39,1,3,,,,,,,O_S
44,1,3,,,,,,,O_S
45,1,3,,,,,,,O_S
48,1,3,,,,,,,O_S
49,1,3,,,,,,,O_S
50,1,3,,,,,,,O_S
20,1,3,,,,,,,O_S
32,1,3,,,,,,,O_S
40,1,3,,,,,,,O_S
46,1,3,,,,,,,O_S
47,1,3,,,,,,,O_S
19,1,4,,,,,,,O_S
14,1,4,,,,,,O_S,O_S
6,1,4,,,,,O_S,O_S,O_S
1,1,4,,,,,,,O_S
10,1,4,,,,,,,O_S
11,1,4,,,,,,,O_S
12,1,4,,,,,,,O_S
15,1,4,,,,,,,O_S
16,1,4,,,,,,,O_S
17,1,4,,,,,,,O_S
18,1,4,,,,,,,O_S
20,1,4,,,,,,,O_S
21,1,4,,,,,,,O_S
22,1,4,,,,,,,O_S
23,1,4,,,,,,,O_S
27,1,4,,,,,,,O_S
28,1,4,,,,,,,O_S
30,1,4,,,,,,,O_S
33,1,4,,,,,,,O_S
34,1,4,,,,,,,O_S
37,1,4,,,,,,,O_S
41,1,4,,,,,,,O_S
42,1,4,,,,,,,O_S
43,1,4,,,,,,,O_S
44,1,4,,,,,,,O_S
4,1,4,,,,,,,O_S
7,1,4,,,,,,,O_S
8,1,4,,,,,,,O_S
24,1,4,,,,,,,O_S
25,1,4,,,,,,,O_S
26,1,4,,,,,,,O_S
29,1,4,,,,,,,O_S
35,1,4,,,,,,,O_S
36,1,4,,,,,,,O_S
38,1,4,,,,,,,O_S
39,1,4,,,,,,,O_S
37,1,5,,,,,,,O_S
52,1,5,,,,V_S,V_S,V_S,O_S
24,1,5,,,V_S,,,,O_S
20,1,5,,,,,O_S,O_S,O_S
38,1,5,,,,,,O_S,O_S
14,1,5,,,,,,O_S,O_S
13,1,5,,,,,,O_S,O_S
11,1,5,,,,,,O_S,O_S
9,1,5,,,,,,O_S,O_S
39,1,5,,,,,,O_S,O_S
10,1,5,,,,,,,O_S
12,1,5,,,,,,,O_S
15,1,5,,,,,,,O_S
16,1,5,,,,,,,O_S
25,1,5,,,,,,,O_S
26,1,5,,,,,,,O_S
27,1,5,,,,,,,O_S
29,1,5,,,,,,,O_S
30,1,5,,,,,,,O_S
36,1,5,,,,,,,O_S
48,1,5,,,,,,,O_S
49,1,5,,,,,,,O_S
50,1,5,,,,,,,O_S
8,1,5,,,,,,,O_S
21,1,5,,,,,,,O_S
22,1,5,,,,,,,O_S
23,1,5,,,,,,,O_S
18,1,6,,,,,,,O_S
16,1,6,,,,,,,O_S
33,1,6,,O_S,O_S,O_S,O_S,O_S,O_S
17,1,6,,,,,O_S,,O_S
9,1,6,,,,,,O_S,O_S
8,1,6,,,,,,,O_S
11,1,6,,,,,,,O_S
12,1,6,,,,,,,O_S
20,1,6,,,,,,,O_S
21,1,6,,,,,,,O_S
23,1,6,,,,,,,O_S
25,1,6,,,,,,,O_S
45,1,6,,,,,,,O_S
48,1,6,,,,,,,O_S
49,1,6,,,,,,,O_S
3,1,6,,,,,,,O_S
4,1,6,,,,,,,O_S
35,1,6,,,,,,,O_S
36,1,6,,,,,,,O_S
37,1,6,,,,,,,O_S
38,1,6,,,,,,,O_S
41,1,6,,,,,,,O_S
42,1,6,,,,,,,O_S
44,1,6,,,,,,,O_S
50,1,6,,,,,,,O_S
51,1,6,,,,,,,O_S
4,2,1,,,,,,,O_S
38,2,1,,CT_S,CT_S,O_S,O_S,O_S,O_S
48,2,1,,O_S,O_S,O_S,O_S,O_S,O_S
45,2,1,,,CT_S,CT_S,,,O_S
25,2,1,,,,,O_S,,O_S
40,2,1,,,,,,O_S,O_S
21,2,1,,,,,O_S,O_S,O_S
8,2,1,,,,,O_S,O_S,O_S
3,2,1,,,,,O_S,O_S,O_S
43,2,1,,,,,,O_S,O_S
12,2,1,,,,,,O_S,O_S
39,2,1,,,,,,O_S,O_S
28,2,1,,,,,,O_S,O_S
22,2,1,,,,,,O_S,O_S
14,2,1,,,,,,O_S,O_S
13,2,1,,,,,,O_S,O_S
10,2,1,,,,,,O_S,O_S
9,2,1,,,,,,O_S,O_S
5,2,1,,,,,,O_S,O_S
2,2,1,,,,,,,O_S
7,2,1,,,,,,,O_S
30,2,1,,,,,,,O_S
31,2,1,,,,,,,O_S
32,2,1,,,,,,,O_S
33,2,1,,,,,,,O_S
41,2,1,,,,,,,O_S
44,2,1,,,,,,,O_S
1,2,1,,,,,,,O_S
6,2,1,,,,,,,O_S
11,2,1,,,,,,,O_S
15,2,1,,,,,,,O_S
18,2,1,,,,,,,O_S
19,2,1,,,,,,,O_S
20,2,1,,,,,,,O_S
23,2,1,,,,,,,O_S
24,2,1,,,,,,,O_S
26,2,1,,,,,,,O_S
29,2,1,,,,,,,O_S
34,2,1,,,,,,,O_S
35,2,1,,,,,,,O_S
37,2,1,,,,,,,O_S
46,2,1,,,,,,,O_S
47,2,1,,,,,,,O_S
49,2,1,,,,,,,O_S
17,2,2,,,,,,O_S,O_S
43,2,2,,,,,,,O_S
47,2,2,,O_S,O_S,O_S,O_S,O_S,O_S
20,2,2,,O_S,O_S,O_S,O_S,O_S,O_S
50,2,2,,,,,,,O_S
51,2,2,,,,,,O_S,O_S
42,2,2,,,,,,O_S,O_S
26,2,2,,,,,,O_S,O_S
25,2,2,,,,,,O_S,O_S
7,2,2,,,,,,O_S,O_S
6,2,2,,,,,,O_S,O_S
19,2,2,,,,,,O_S,O_S
18,2,2,,,,,,O_S,O_S
16,2,2,,,,,,O_S,O_S
15,2,2,,,,,,O_S,O_S
4,2,2,,,,,,,O_S
5,2,2,,,,,,,O_S
8,2,2,,,,,,,O_S
9,2,2,,,,,,,O_S
12,2,2,,,,,,,O_S
13,2,2,,,,,,,O_S
14,2,2,,,,,,,O_S
21,2,2,,,,,,,O_S
22,2,2,,,,,,,O_S
23,2,2,,,,,,,O_S
27,2,2,,,,,,,O_S
28,2,2,,,,,,,O_S
33,2,2,,,,,,,O_S
34,2,2,,,,,,,O_S
35,2,2,,,,,,,O_S
49,2,2,,,,,,,O_S
52,2,2,,,,,,,O_S
2,2,2,,,,,,,O_S
3,2,2,,,,,,,O_S
29,2,2,,,,,,,O_S
38,2,2,,,,,,,O_S
40,2,2,,,,,,,O_S
41,2,2,,,,,,,O_S
45,2,2,,,,,,,O_S
46,2,2,,,,,,,O_S
48,2,2,,,,,,,O_S
2,2,3,,,,,,,O_S
3,2,3,,,,,,,O_S
44,2,4,,O_S,O_S,O_S,O_S,O_S,O_S
33,2,4,,,,,,,O_S
30,2,4,,,CT_S,CT_S,CT_S,,O_S
29,2,4,,,,V_S,V_S,O_S,O_S
3,2,4,,,,SB_S,,,O_S
27,2,4,,,,,,O_S,O_S
26,2,4,,,,,,O_S,O_S
25,2,4,,,,,,O_S,O_S
24,2,4,,,,,,O_S,O_S
14,2,4,,,,,,O_S,O_S
1,2,4,,,,,,O_S,O_S
7,2,4,,,,,,,O_S
10,2,4,,,,,,,O_S
11,2,4,,,,,,,O_S
15,2,4,,,,,,,O_S
16,2,4,,,,,,,O_S
17,2,4,,,,,,,O_S
19,2,4,,,,,,,O_S
20,2,4,,,,,,,O_S
21,2,4,,,,,,,O_S
22,2,4,,,,,,,O_S
23,2,4,,,,,,,O_S
38,2,4,,,,,,,O_S
41,2,4,,,,,,,O_S
43,2,4,,,,,,,O_S
45,2,4,,,,,,,O_S
47,2,4,,,,,,,O_S
48,2,4,,,,,,,O_S
50,2,4,,,,,,,O_S
5,2,4,,,,,,,O_S
6,2,4,,,,,,,O_S
34,2,4,,,,,,,O_S
35,2,4,,,,,,,O_S
36,2,4,,,,,,,O_S
45,2,6,,,,,,,O_S
17,2,6,,,,V_S,V_S,,O_S
50,2,6,,,,,O_S,O_S,O_S
5,2,6,,,,,O_S,O_S,O_S
43,2,6,,,,,,O_S,O_S
21,2,6,,,,,,O_S,O_S
12,2,6,,,,,,O_S,O_S
8,2,6,,,,,,O_S,O_S
6,2,6,,,,,,O_S,O_S
3,2,6,,,,,,O_S,O_S
13,2,6,,,,,,O_S,O_S
9,2,6,,,,,,O_S,O_S
1,2,6,,,,,,O_S,O_S
4,2,6,,,,,,,O_S
7,2,6,,,,,,,O_S
11,2,6,,,,,,,O_S
18,2,6,,,,,,,O_S
19,2,6,,,,,,,O_S
44,2,6,,,,,,,O_S
46,2,6,,,,,,,O_S
47,2,6,,,,,,,O_S
51,2,6,,,,,,,O_S
52,2,6,,,,,,,O_S
53,2,6,,,,,,,O_S
2,2,6,,,,,,,O_S
41,2,6,,,,,,,O_S
9,3,1,,,,,,,O_S
7,3,1,,,CT_S,CT_S,CT_S,,O_S
18,3,1,,,,,,O_S,O_S
6,3,1,,,,,,O_S,O_S
5,3,1,,,,,,O_S,O_S
3,3,1,,,,,,,O_S
4,3,1,,,,,,,O_S
10,3,1,,,,,,,O_S
11,3,1,,,,,,,O_S
13,3,1,,,,,,,O_S
14,3,1,,,,,,,O_S
15,3,1,,,,,,,O_S
17,3,1,,,,,,,O_S
19,3,1,,,,,,,O_S
20,3,1,,,,,,,O_S
26,3,1,,,,,,,O_S
30,3,1,,,,,,,O_S
37,3,1,,,,,,,O_S
38,3,1,,,,,,,O_S
39,3,1,,,,,,,O_S
40,3,1,,,,,,,O_S
41,3,1,,,,,,,O_S
42,3,1,,,,,,,O_S
50,3,1,,,,,,,O_S
21,3,1,,,,,,,O_S
22,3,1,,,,,,,O_S
23,3,1,,,,,,,O_S
25,3,1,,,,,,,O_S
27,3,1,,,,,,,O_S
28,3,1,,,,,,,O_S
29,3,1,,,,,,,O_S
31,3,1,,,,,,,O_S
32,3,1,,,,,,,O_S
33,3,1,,,,,,,O_S
34,3,1,,,,,,,O_S
36,3,1,,,,,,,O_S
1,3,1,,,,,,,O_S
2,3,1,,,,,,,O_S
18,3,2,,,,,,,O_S
37,3,2,,,,,,,O_S
38,3,2,,O_S,O_S,,,,O_S
50,3,2,,,O_S,O_S,,,O_S
14,3,2,,,,,O_S,,O_S
47,3,2,,,O_S,O_S,O_S,O_S,O_S
45,3,2,,,,SB_S,SB_S,SB_S,O_S
46,3,2,,,,,O_S,O_S,O_S
17,3,2,,,,,O_S,O_S,O_S
29,3,2,,,,,,O_S,O_S
6,3,2,,,,,,O_S,O_S
8,3,2,,,,,,,O_S
9,3,2,,,,,,,O_S
10,3,2,,,,,,,O_S
15,3,2,,,,,,,O_S
16,3,2,,,,,,,O_S
19,3,2,,,,,,,O_S
20,3,2,,,,,,,O_S
21,3,2,,,,,,,O_S
22,3,2,,,,,,,O_S
23,3,2,,,,,,,O_S
28,3,2,,,,,,,O_S
30,3,2,,,,,,,O_S
31,3,2,,,,,,,O_S
32,3,2,,,,,,,O_S
33,3,2,,,,,,,O_S
34,3,2,,,,,,,O_S
35,3,2,,,,,,,O_S
36,3,2,,,,,,,O_S
39,3,2,,,,,,,O_S
40,3,2,,,,,,,O_S
41,3,2,,,,,,,O_S
43,3,2,,,,,,,O_S
44,3,2,,,,,,,O_S
2,3,2,,,,,,,O_S
3,3,2,,,,,,,O_S
4,3,2,,,,,,,O_S
5,3,2,,,,,,,O_S
7,3,2,,,,,,,O_S
28,3,3,,O_S,O_S,O_S,O_S,O_S,O_S
49,3,3,,CT_S,CT_S,CT_S,CT_S,,O_S
39,3,3,,,O_S,,,,O_S
12,3,3,,,V_S,V_S,V_S,V_S,O_S
29,3,3,,,,,O_S,O_S,O_S
13,3,3,,,,,,O_S,O_S
1,3,3,,,,,,,O_S
2,3,3,,,,,,,O_S
3,3,3,,,,,,,O_S
4,3,3,,,,,,,O_S
8,3,3,,,,,,,O_S
10,3,3,,,,,,,O_S
11,3,3,,,,,,,O_S
16,3,3,,,,,,,O_S
17,3,3,,,,,,,O_S
23,3,3,,,,,,,O_S
30,3,3,,,,,,,O_S
31,3,3,,,,,,,O_S
32,3,3,,,,,,,O_S
35,3,3,,,,,,,O_S
36,3,3,,,,,,,O_S
41,3,3,,,,,,,O_S
42,3,3,,,,,,,O_S
43,3,3,,,,,,,O_S
44,3,3,,,,,,,O_S
46,3,3,,,,,,,O_S
48,3,3,,,,,,,O_S
51,3,3,,,,,,,O_S
24,3,3,,,,,,,O_S
25,3,3,,,,,,,O_S
26,3,3,,,,,,,O_S
38,3,3,,,,,,,O_S
14,3,3,,,,,,,O_S
15,3,3,,,,,,,O_S
50,3,4,,,,O_S,O_S,O_S,O_S
44,3,4,,O_S,O_S,O_S,,,O_S
8,3,4,,,CT_S,CT_S,,,O_S
3,3,4,,,,,,,O_S
5,3,4,,,,,,,O_S
6,3,4,,,,,,,O_S
7,3,4,,,,,,,O_S
10,3,4,,,,,,,O_S
11,3,4,,,,,,,O_S
14,3,4,,,,,,,O_S
15,3,4,,,,,,,O_S
16,3,4,,,,,,,O_S
17,3,4,,,,,,,O_S
18,3,4,,,,,,,O_S
19,3,4,,,,,,,O_S
20,3,4,,,,,,,O_S
22,3,4,,,,,,,O_S
23,3,4,,,,,,,O_S
24,3,4,,,,,,,O_S
36,3,4,,,,,,,O_S
43,3,4,,,,,,,O_S
45,3,4,,,,,,,O_S
1,3,4,,,,,,,O_S
12,3,4,,,,,,,O_S
25,3,4,,,,,,,O_S
26,3,4,,,,,,,O_S
27,3,4,,,,,,,O_S
28,3,4,,,,,,,O_S
29,3,4,,,,,,,O_S
33,3,4,,,,,,,O_S
34,3,4,,,,,,,O_S
35,3,4,,,,,,,O_S
37,3,4,,,,,,,O_S
39,3,4,,,,,,,O_S
40,3,4,,,,,,,O_S
41,3,4,,,,,,,O_S
42,3,4,,,,,,,O_S
49,3,5,,,,,,,O_S
51,3,5,,O_S,O_S,O_S,O_S,O_S,O_S
28,3,5,,O_S,O_S,O_S,O_S,O_S,O_S
38,3,5,,,O_S,O_S,O_S,O_S,O_S
1,3,5,,,O_S,O_S,O_S,O_S,O_S
48,3,5,,,O_S,O_S,O_S,O_S,O_S
45,3,5,,,O_S,O_S,O_S,O_S,O_S
6,3,5,,,,O_S,O_S,O_S,O_S
29,3,5,,,,O_S,O_S,O_S,O_S
39,3,5,,,,SB_S,,,O_S
15,3,5,,,,,,O_S,O_S
24,3,5,,,,,,,O_S
36,3,5,,,,,,,O_S
41,3,5,,,,,,,O_S
2,3,5,,,,,,,O_S
3,3,5,,,,,,,O_S
4,3,5,,,,,,,O_S
5,3,5,,,,,,,O_S
11,3,5,,,,,,,O_S
12,3,5,,,,,,,O_S
13,3,5,,,,,,,O_S
19,3,5,,,,,,,O_S
20,3,5,,,,,,,O_S
21,3,5,,,,,,,O_S
33,3,5,,,,,,,O_S
34,3,5,,,,,,,O_S
42,3,5,,,,,,,O_S
43,3,5,,,,,,,O_S
31,3,6,,,CT_S,CT_S,CT_S,CT_S,O_S
47,3,6,,,,,O_S,O_S,O_S
37,3,6,,,,,O_S,O_S,O_S
38,3,6,,,,,O_S,O_S,O_S
10,3,6,,,,,,O_S,O_S
3,3,6,,,,,,,O_S
6,3,6,,,,,,,O_S
11,3,6,,,,,,,O_S
16,3,6,,,,,,,O_S
17,3,6,,,,,,,O_S
18,3,6,,,,,,,O_S
22,3,6,,,,,,,O_S
32,3,6,,,,,,,O_S
33,3,6,,,,,,,O_S
40,3,6,,,,,,,O_S
41,3,6,,,,,,,O_S
43,3,6,,,,,,,O_S
44,3,6,,,,,,,O_S
45,3,6,,,,,,,O_S
48,3,6,,,,,,,O_S
50,3,6,,,,,,,O_S
51,3,6,,,,,,,O_S
20,3,6,,,,,,,O_S
23,3,6,,,,,,,O_S
24,3,6,,,,,,,O_S
26,3,6,,,,,,,O_S
27,3,6,,,,,,,O_S
35,3,6,,,,,,,O_S
36,3,6,,,,,,,O_S
39,3,6,,,,,,,O_S
15,3,6,,,,,,,O_S
8,4,1,,CT_S,CT_S,O_S,O_S,O_S,O_S
9,4,1,,SB_S,SB_S,SB_S,SB_S,SB_S,O_S
7,4,1,,,,,,O_S,O_S
6,4,1,,,,,,,O_S
14,4,1,,,,,,,O_S
46,4,2,,,,O_S,O_S,O_S,O_S
45,4,2,,,,O_S,O_S,O_S,O_S
41,4,2,,,,,,O_S,O_S
24,4,2,,,,,,O_S,O_S
44,4,2,,,,,,O_S,O_S
21,4,2,,,,,,O_S,O_S
20,4,2,,,,,,O_S,O_S
23,4,2,,,,,,,O_S
27,4,2,,,,,,,O_S
37,4,2,,,,,,,O_S
40,4,2,,,,,,,O_S
43,4,2,,,,,,,O_S
26,4,2,,,,,,,O_S
29,4,2,,,,,,,O_S
5,4,2,,,,,,,O_S
16,4,2,,,,,,,O_S
17,4,2,,,,,,,O_S
18,4,2,,,,,,,O_S
22,4,2,,,,,,,O_S
30,4,2,,,,,,,O_S
31,4,2,,,,,,,O_S
47,4,2,,,,,,,O_S
48,4,2,,,,,,,O_S
52,4,2,,,,,,,O_S
47,4,3,,,,,,,O_S
35,4,3,,,,,,O_S,O_S
38,4,3,,,,,O_S,O_S,O_S
37,4,3,,,,,O_S,O_S,O_S
36,4,3,,,,,O_S,O_S,O_S
12,4,3,,,,,O_S,O_S,O_S
11,4,3,,,,,O_S,O_S,O_S
10,4,3,,,,,O_S,O_S,O_S
9,4,3,,,,,O_S,O_S,O_S
8,4,3,,,,,O_S,O_S,O_S
7,4,3,,,,,O_S,O_S,O_S
27,4,3,,,,,,O_S,O_S
26,4,3,,,,,,O_S,O_S
25,4,3,,,,,,O_S,O_S
24,4,3,,,,,,O_S,O_S
22,4,3,,,,,,O_S,O_S
14,4,3,,,,,,O_S,O_S
4,4,3,,,,,,,O_S
5,4,3,,,,,,,O_S
16,4,3,,,,,,,O_S
17,4,3,,,,,,,O_S
18,4,3,,,,,,,O_S
23,4,3,,,,,,,O_S
28,4,3,,,,,,,O_S
41,4,3,,,,,,,O_S
42,4,3,,,,,,,O_S
19,4,3,,,,,,,O_S
20,4,3,,,,,,,O_S
40,4,3,,,,,,,O_S
10,4,4,,O_S,O_S,O_S,O_S,O_S,O_S
22,4,4,,,,CT_S,CT_S,O_S,O_S
18,4,4,,,,O_S,O_S,O_S,O_S
12,4,4,,,,,O_S,O_S,O_S
11,4,4,,,,,O_S,O_S,O_S
9,4,4,,,,,O_S,O_S,O_S
8,4,4,,,,,O_S,O_S,O_S
37,4,4,,,,,,O_S,O_S
44,4,4,,,,,,O_S,O_S
43,4,4,,,,,,O_S,O_S
42,4,4,,,,,,O_S,O_S
41,4,4,,,,,,O_S,O_S
40,4,4,,,,,,O_S,O_S
6,4,4,,,,,,O_S,O_S
1,4,4,,,,,,,O_S
3,4,4,,,,,,,O_S
4,4,4,,,,,,,O_S
5,4,4,,,,,,,O_S
16,4,4,,,,,,,O_S
19,4,4,,,,,,,O_S
20,4,4,,,,,,,O_S
26,4,4,,,,,,,O_S
27,4,4,,,,,,,O_S
28,4,4,,,,,,,O_S
31,4,4,,,,,,,O_S
32,4,4,,,,,,,O_S
38,4,4,,,,,,,O_S
39,4,4,,,,,,,O_S
45,4,4,,,,,,,O_S
46,4,4,,,,,,,O_S
47,4,4,,,,,,,O_S
49,4,4,,,,,,,O_S
50,4,4,,,,,,,O_S
14,4,4,,,,,,,O_S
15,4,4,,,,,,,O_S
25,4,4,,,,,,,O_S
34,4,4,,,,,,,O_S
35,4,4,,,,,,,O_S
7,4,5,,,,,,O_S,O_S
47,4,5,,,,,O_S,O_S,O_S
13,4,5,,,,,,O_S,O_S
42,4,5,,,SB_S,,,O_S,O_S
20,4,5,,,,SB_S,SB_S,O_S,O_S
22,4,5,,,,,,O_S,O_S
17,4,5,,,,,,O_S,O_S
3,4,5,,,,,,O_S,O_S
48,4,5,,,,,,O_S,O_S
18,4,5,,,,,,O_S,O_S
15,4,5,,,,,,O_S,O_S
14,4,5,,,,,,O_S,O_S
11,4,5,,,,,,O_S,O_S
10,4,5,,,,,,O_S,O_S
9,4,5,,,,,,O_S,O_S
8,4,5,,,,,,O_S,O_S
6,4,5,,,,,,O_S,O_S
5,4,5,,,,,,O_S,O_S
4,4,5,,,,,,O_S,O_S
1,4,5,,,,,,,O_S
23,4,5,,,,,,,O_S
43,4,5,,,,,,,O_S
44,4,5,,,,,,,O_S
45,4,5,,,,,,,O_S
46,4,5,,,,,,,O_S
49,4,5,,,,,,,O_S
50,4,5,,,,,,,O_S
22,4,6,,,,,O_S,O_S,O_S
19,4,6,,,,,O_S,O_S,O_S
21,4,6,,,,,,O_S,O_S
18,4,6,,,,,,O_S,O_S
11,4,6,,,,,,O_S,O_S
7,4,6,,,,,,O_S,O_S
42,4,6,,,,,,O_S,O_S
34,4,6,,,,,,O_S,O_S
25,4,6,,,,,,O_S,O_S
24,4,6,,,,,,O_S,O_S
2,4,6,,,,,,,O_S
3,4,6,,,,,,,O_S
4,4,6,,,,,,,O_S
5,4,6,,,,,,,O_S
6,4,6,,,,,,,O_S
9,4,6,,,,,,,O_S
12,4,6,,,,,,,O_S
13,4,6,,,,,,,O_S
14,4,6,,,,,,,O_S
16,4,6,,,,,,,O_S
45,5,1,,,,,,O_S,O_S
38,5,1,,,,CT_S,CT_S,O_S,O_S
43,5,1,,,,,,O_S,O_S
39,5,1,,,,,,O_S,O_S
2,5,1,,,,,,,O_S
44,5,1,,,,,,,O_S
43,5,2,,,,,,O_S,O_S
21,5,2,,,,,,O_S,O_S
18,5,2,,,,,,O_S,O_S
14,5,2,,,,,,O_S,O_S
13,5,2,,,,,,O_S,O_S
12,5,2,,,,,,O_S,O_S
38,5,2,,,,,,O_S,O_S
35,5,2,,,,,,O_S,O_S
34,5,2,,,,,,O_S,O_S
16,5,2,,,,,,O_S,O_S
15,5,2,,,,,,,O_S
25,5,2,,,,,,,O_S
26,5,2,,,,,,,O_S
44,5,2,,,,,,,O_S
45,5,2,,,,,,,O_S
46,5,2,,,,,,,O_S
47,5,2,,,,,,,O_S
48,5,2,,,,,,,O_S
49,5,2,,,,,,,O_S
51,5,2,,,,,,,O_S
52,5,2,,,,,,,O_S
2,5,2,,,,,,,O_S
3,5,2,,,,,,,O_S
19,5,2,,,,,,,O_S
27,5,2,,,,,,,O_S
28,5,2,,,,,,,O_S
29,5,2,,,,,,,O_S
32,5,2,,,,,,,O_S
36,5,2,,,,,,,O_S
51,5,4,,,,,,,O_S
13,5,4,,,CT_S,CT_S,CT_S,O_S,O_S
31,5,4,,,SB_S,,O_S,O_S,O_S
34,5,4,,,SB_S,,,O_S,O_S
43,5,4,,,,,,O_S,O_S
33,5,4,,,,,,O_S,O_S
32,5,4,,,,,,O_S,O_S
42,5,4,,,,,,O_S,O_S
41,5,4,,,,,,O_S,O_S
20,5,4,,,,,,O_S,O_S
15,5,4,,,,,,O_S,O_S
12,5,4,,,,,,O_S,O_S
16,5,4,,,,,,,O_S
19,5,4,,,,,,,O_S
23,5,4,,,,,,,O_S
26,5,4,,,,,,,O_S
28,5,4,,,,,,,O_S
30,5,4,,,,,,,O_S
38,5,4,,,,,,,O_S
47,5,4,,,,,,,O_S
49,5,4,,,,,,,O_S
2,5,4,,,,,,,O_S
4,5,4,,,,,,,O_S
8,5,4,,,,,,,O_S
9,5,4,,,,,,,O_S
11,5,4,,,,,,,O_S
21,5,4,,,,,,,O_S
24,5,4,,,,,,,O_S
27,5,4,,,,,,,O_S
29,5,4,,,,,,,O_S
44,5,4,,,,,,,O_S
25,5,5,,,,,,O_S,O_S
21,5,5,,,,,,O_S,O_S
17,5,5,,,,,,O_S,O_S
50,5,5,,,,,,O_S,O_S
48,5,5,,,,,,O_S,O_S
13,5,5,,,,,,O_S,O_S
5,5,5,,,,,,O_S,O_S
19,5,5,,,,,,,O_S
43,5,5,,,,,,,O_S
49,5,5,,,,,,,O_S
2,5,5,,,,,,,O_S
3,5,5,,,,,,,O_S
22,5,5,,,,,,,O_S
24,5,5,,,,,,,O_S
45,5,5,,,,,,,O_S
46,5,5,,,,,,,O_S
47,5,5,,,,,,,O_S
30,5,6,,O_S,O_S,O_S,O_S,O_S,O_S
28,5,6,,,,,,,O_S
7,5,6,,,CT_S,CT_S,,,O_S
32,5,6,,,V_S,V_S,,,O_S
4,5,6,,,,O_S,O_S,O_S,O_S
27,5,6,,,,O_S,O_S,O_S,O_S
39,5,6,,,,,O_S,O_S,O_S
34,5,6,,,,,O_S,O_S,O_S
26,5,6,,,,,O_S,O_S,O_S
35,5,6,,,,,O_S,O_S,O_S
46,5,6,,,,,,O_S,O_S
45,5,6,,,,,,O_S,O_S
19,5,6,,,,,,O_S,O_S
18,5,6,,,,,,O_S,O_S
16,5,6,,,,,,O_S,O_S
44,5,6,,,,,,O_S,O_S
43,5,6,,,,,,O_S,O_S
42,5,6,,,,,,O_S,O_S
11,5,6,,,,,,O_S,O_S
9,5,6,,,,,,O_S,O_S
8,5,6,,,,,,O_S,O_S
25,5,6,,,,,,,O_S
17,5,6,,,,,,,O_S
24,5,6,,,,,,,O_S
29,5,6,,,,,,,O_S
33,5,6,,,,,,,O_S
12,6,1,,,,,,O_S,O_S
46,6,1,,,,,,O_S,O_S
13,6,1,,,,,,O_S,O_S
7,6,1,,,,,,O_S,O_S
6,6,1,,,,,,O_S,O_S
45,6,1,,,,,,O_S,O_S
11,6,1,,,,,,,O_S
14,6,1,,,,,,,O_S
16,6,1,,,,,,,O_S
18,6,1,,,,,,,O_S
19,6,1,,,,,,,O_S
20,6,1,,,,,,,O_S
21,6,1,,,,,,,O_S
39,6,1,,,,,,,O_S
48,6,1,,,,,,,O_S
49,6,1,,,,,,,O_S
51,6,1,,,,,,,O_S
52,6,1,,,,,,,O_S
53,6,1,,,,,,,O_S
23,6,1,,,,,,,O_S
24,6,1,,,,,,,O_S
25,6,1,,,,,,,O_S
26,6,1,,,,,,,O_S
27,6,1,,,,,,,O_S
28,6,1,,,,,,,O_S
31,6,1,,,,,,,O_S
32,6,1,,,,,,,O_S
34,6,1,,,,,,,O_S
36,6,1,,,,,,,O_S
37,6,1,,,,,,,O_S
38,6,1,,,,,,,O_S
40,6,1,,,,,,,O_S
41,6,1,,,,,,,O_S
42,6,1,,,,,,,O_S
43,6,1,,,,,,,O_S
44,6,1,,,,,,,O_S
47,6,1,,,,,,,O_S
4,6,1,,,,,,,O_S
5,6,1,,,,,,,O_S
9,6,1,,,,,,,O_S
10,6,1,,,,,,,O_S
18,6,2,,,,,,,O_S
32,6,2,,,,,,,O_S
25,6,2,,,,SB_S,SB_S,SB_S,O_S
4,6,2,,,,,,,O_S
12,6,2,,,,,,,O_S
13,6,2,,,,,,,O_S
17,6,2,,,,,,,O_S
19,6,2,,,,,,,O_S
34,6,2,,,,,,,O_S
41,6,2,,,,,,,O_S
42,6,2,,,,,,,O_S
43,6,2,,,,,,,O_S
26,6,2,,,,,,,O_S
45,6,2,,,,,,,O_S
46,6,2,,,,,,,O_S
2,6,2,,,,,,,O_S
3,6,2,,,,,,,O_S
29,6,2,,,,,,,O_S
36,6,3,,,,O_S,O_S,,O_S
30,6,3,,,,O_S,O_S,,O_S
3,6,3,,,,,O_S,O_S,O_S
28,6,3,,,,,O_S,O_S,O_S
12,6,3,,,,,,O_S,O_S
10,6,3,,,,,,O_S,O_S
8,6,3,,,,,,O_S,O_S
4,6,3,,,,,,,O_S
25,6,3,,,,,,,O_S
31,6,3,,,,,,,O_S
41,6,3,,,,,,,O_S
51,6,3,,,,,,,O_S
26,6,3,,,,,,,O_S
32,6,3,,,,,,,O_S
18,6,4,,,,,,O_S,O_S
20,6,4,,,CT_S,CT_S,CT_S,,O_S
3,6,4,,,,,,,O_S
6,6,4,,,,,,,O_S
7,6,4,,,,,,,O_S
10,6,4,,,,,,,O_S
13,6,4,,,,,,,O_S
14,6,4,,,,,,,O_S
23,6,4,,,,,,,O_S
16,6,4,,,,,,,O_S
17,6,4,,,,,,,O_S
22,6,4,,,,,,,O_S
25,6,4,,,,,,,O_S
28,6,4,,,,,,,O_S
29,6,4,,,,,,,O_S
30,6,4,,,,,,,O_S
33,6,4,,,,,,,O_S
34,6,4,,,,,,,O_S
36,6,4,,,,,,,O_S
37,6,4,,,,,,,O_S
38,6,4,,,,,,,O_S
42,6,4,,,,,,,O_S
43,6,4,,,,,,,O_S
5,6,4,,,,,,,O_S
8,6,4,,,,,,,O_S
48,6,5,,,,,,O_S,O_S
10,6,5,,,,,,O_S,O_S
26,6,5,,O_S,O_S,O_S,O_S,O_S,O_S
5,6,5,,,,,O_S,O_S,O_S
42,6,5,,,SB_S,,,,O_S
50,6,5,,,,O_S,O_S,O_S,O_S
15,6,5,,,,O_S,O_S,O_S,O_S
8,6,5,,,,O_S,O_S,O_S,O_S
31,6,5,,,,,O_S,O_S,O_S
19,6,5,,,,,,O_S,O_S
6,6,5,,,,,,O_S,O_S
4,6,5,,,,,,,O_S
7,6,5,,,,,,,O_S
11,6,5,,,,,,,O_S
16,6,5,,,,,,,O_S
17,6,5,,,,,,,O_S
18,6,5,,,,,,,O_S
20,6,5,,,,,,,O_S
22,6,5,,,,,,,O_S
23,6,5,,,,,,,O_S
29,6,5,,,,,,,O_S
33,6,5,,,,,,,O_S
35,6,5,,,,,,,O_S
51,6,5,,,,,,,O_S
52,6,5,,,,,,,O_S
54,6,5,,,,,,,O_S
55,6,5,,,,,,,O_S
56,6,5,,,,,,,O_S
57,6,5,,,,,,,O_S
21,6,5,,,,,,,O_S
30,6,5,,,,,,,O_S
32,6,5,,,,,,,O_S
34,6,5,,,,,,,O_S
36,6,5,,,,,,,O_S
37,6,5,,,,,,,O_S
38,6,5,,,,,,,O_S
39,6,5,,,,,,,O_S
40,6,5,,,,,,,O_S
41,6,5,,,,,,,O_S
43,6,5,,,,,,,O_S
53,6,5,,,,,,,O_S
2,6,5,,,,,,,O_S
3,6,5,,,,,,,O_S
9,6,5,,,,,,,O_S
12,6,5,,,,,,,O_S
13,6,5,,,,,,,O_S
14,6,5,,,,,,,O_S
49,6,5,,,,,,,O_S
49,6,6,,,,,,,O_S
6,6,6,,,,CT_S,CT_S,O_S,O_S
1,6,6,,,,O_S,O_S,,O_S
47,6,6,,,,,,O_S,O_S
46,6,6,,,,,,O_S,O_S
45,6,6,,,,,,O_S,O_S
44,6,6,,,,,,O_S,O_S
21,6,6,,,,,,O_S,O_S
14,6,6,,,,,,O_S,O_S
18,6,6,,,,,,O_S,O_S
4,6,6,,,,,,,O_S
5,6,6,,,,,,,O_S
13,6,6,,,,,,,O_S
19,6,6,,,,,,,O_S
20,6,6,,,,,,,O_S
26,6,6,,,,,,,O_S
37,6,6,,,,,,,O_S
38,6,6,,,,,,,O_S
39,6,6,,,,,,,O_S
41,6,6,,,,,,,O_S
3,6,6,,,,,,,O_S
15,6,6,,,,,,,O_S
16,6,6,,,,,,,O_S
17,6,6,,,,,,,O_S
28,6,6,,,,,,,O_S
29,6,6,,,,,,,O_S
30,6,6,,,,,,,O_S
31,6,6,,,,,,,O_S
32,6,6,,,,,,,O_S
33,6,6,,,,,,,O_S
34,6,6,,,,,,,O_S
35,6,6,,,,,,,O_S
36,6,6,,,,,,,O_S
42,6,6,,,,,,,O_S
43,6,6,,,,,,,O_S
9,6,6,,,,,,,O_S
10,6,6,,,,,,,O_S
11,6,6,,,,,,,O_S
22,6,6,,,,,,,O_S
48,6,6,,,,,,,O_S
7,1,2,,CT_S,CT_S,SB_S,SB_S,SB_D,SB_D
45,1,2,,CT_S,CT_S,SB_S,SB_S,SB_S,SB_D
17,1,2,,,,SB_S,SB_S,SB_D,SB_D
6,1,2,,,,SB_S,SB_S,SB_D,SB_D
3,1,2,,,,SB_S,SB_S,SB_D,SB_D
13,1,2,,,,,SB_S,SB_D,SB_D
29,1,3,,CT_S,CT_S,SB_S,SB_S,SB_S,SB_D
28,1,3,,CT_S,CT_S,SB_S,SB_S,SB_S,SB_D
32,1,4,,CT_S,CT_S,SB_S,SB_S,SB_D,SB_D
31,1,4,,CT_S,CT_S,SB_S,SB_S,SB_D,SB_D
13,1,4,,SB_S,SB_S,SB_S,SB_D,SB_D,SB_D
2,1,4,,CT_S,CT_S,SB_S,SB_S,SB_D,SB_D
3,1,4,,,,SB_S,SB_S,SB_S,SB_D
46,1,4,,,,SB_S,SB_S,SB_S,SB_D
45,1,4,,,,,SB_S,SB_S,SB_D
50,1,4,,,,,,SB_S,SB_D
18,1,5,,,,,,SB_S,SB_D
46,1,6,,CT_S,CT_S,SB_S,SB_S,SB_S,SB_D
47,1,6,,,,SB_S,SB_S,SB_S,SB_D
36,2,1,,,,,SB_S,SB_D,SB_D
26,2,3,,CT_S,CT_S,SB_S,SB_S,SB_S,SB_D
12,2,3,,,,,SB_S,SB_D,SB_D
8,2,3,,,CT_S,CT_S,,SB_S,SB_D
10,2,3,,,,SB_S,SB_D,SB_D,SB_D
23,2,3,,,,SB_S,SB_S,SB_S,SB_D
13,2,3,,,,SB_S,SB_S,SB_D,SB_D
6,2,3,,,,SB_S,SB_S,SB_D,SB_D
21,2,3,,,,,SB_S,SB_D,SB_D
20,2,3,,,,,SB_S,SB_D,SB_D
17,2,3,,,,,SB_S,SB_D,SB_D
5,2,3,,,,,SB_S,SB_S,SB_D
47,2,3,,,,,,SB_S,SB_D
27,2,3,,,,,,SB_S,SB_D
25,2,3,,,,,,SB_S,SB_D
24,2,3,,,,,,SB_S,SB_D
9,2,3,,,,,,SB_S,SB_D
22,2,6,,,,,,SB_S,SB_D
51,3,2,,,,,SB_S,SB_S,SB_D
11,3,2,,,CT_S,CT_S,CT_S,SB_S,SB_D
42,3,2,,,,SB_S,SB_D,SB_D,SB_D
12,3,2,,,,SB_S,SB_D,SB_D,SB_D
6,3,3,,,,,,SB_S,SB_D
39,4,1,,SB_S,SB_S,SB_S,SB_D,SB_D,SB_D
32,4,1,,SB_S,SB_S,SB_S,SB_D,SB_D,SB_D
26,4,1,,SB_S,SB_S,SB_S,SB_D,SB_D,SB_D
38,4,1,,SB_S,SB_S,SB_S,SB_S,SB_D,SB_D
23,4,1,,SB_S,SB_S,SB_S,SB_S,SB_D,SB_D
12,4,1,,SB_S,SB_S,SB_S,SB_S,SB_D,SB_D
4,4,1,,SB_S,SB_S,SB_S,SB_S,SB_D,SB_D
46,4,1,,SB_S,SB_S,SB_S,SB_S,SB_S,SB_D
17,4,1,,,,,SB_S,SB_D,SB_D
50,4,1,,,SB_S,SB_S,SB_D,SB_D,SB_D
18,4,1,,,SB_S,SB_S,SB_D,SB_D,SB_D
22,4,1,,,SB_S,SB_S,SB_S,SB_D,SB_D
42,4,1,,,,SB_S,SB_D,SB_D,SB_D
49,4,1,,,,,SB_S,SB_S,SB_D
21,4,1,,,,,SB_S,SB_S,SB_D
48,4,1,,,,,,SB_S,SB_D
45,4,1,,,,,,SB_S,SB_D
29,4,1,,,,,,SB_S,SB_D
24,4,1,,,,,,SB_S,SB_D
16,4,1,,,,,,SB_S,SB_D
34,4,5,,,,,SB_S,SB_D,SB_D
26,4,5,,,SB_S,SB_S,SB_D,SB_D,SB_D
31,4,5,,,SB_S,SB_S,SB_S,SB_D,SB_D
36,4,5,,,,,SB_S,SB_D,SB_D
35,4,5,,,,,SB_S,SB_D,SB_D
33,4,5,,,,,SB_S,SB_D,SB_D
39,4,5,,,,,SB_S,SB_S,SB_D
38,4,5,,,,,SB_S,SB_S,SB_D
32,4,6,,SB_S,SB_S,SB_S,SB_S,SB_S,SB_D
20,4,6,,,,,SB_S,,SB_D
44,4,6,,,,,,SB_S,SB_D
39,4,6,,,,,,SB_S,SB_D
33,4,6,,,,,,SB_S,SB_D
22,5,1,,,SB_S,SB_S,SB_S,SB_S,SB_D
8,5,1,,SB_S,SB_S,SB_S,SB_D,SB_D,SB_D
1,5,1,,SB_S,SB_S,SB_S,SB_S,SB_D,SB_D
15,5,1,,SB_S,SB_S,SB_S,SB_S,SB_S,SB_D
14,5,1,,,,,,SB_S,SB_D
4,5,1,,,SB_S,SB_S,SB_S,SB_S,SB_D
7,5,1,,,CT_S,CT_S,CT_S,SB_S,SB_D
20,5,1,,,CT_S,CT_S,SB_S,SB_D,SB_D
47,5,1,,,SB_S,SB_S,SB_D,SB_D,SB_D
32,5,1,,,SB_S,SB_S,SB_D,SB_D,SB_D
13,5,1,,,SB_S,SB_S,SB_D,SB_D,SB_D
12,5,1,,,SB_S,SB_S,SB_D,SB_D,SB_D
50,5,1,,,SB_S,SB_S,SB_S,SB_D,SB_D
31,5,1,,,SB_S,SB_S,SB_S,SB_D,SB_D
3,5,1,,,SB_S,SB_S,SB_S,SB_D,SB_D
29,5,1,,,,SB_S,SB_S,SB_D,SB_D
37,5,1,,,,SB_S,SB_S,SB_S,SB_D
30,5,1,,,,,SB_S,SB_D,SB_D
28,5,1,,,,,SB_S,SB_D,SB_D
18,5,1,,,,,SB_S,SB_D,SB_D
41,5,1,,,,,SB_S,SB_S,SB_D
21,5,1,,,,,SB_S,SB_S,SB_D
51,5,1,,,,,,SB_S,SB_D
4,5,2,,SB_S,SB_S,SB_S,SB_S,SB_S,SB_D
32,5,3,,SB_S,SB_S,SB_D,SB_D,SB_D,SB_D
14,5,3,,SB_S,SB_S,SB_S,SB_D,SB_D,SB_D
12,5,3,,SB_S,SB_S,SB_S,SB_D,SB_D,SB_D
2,5,3,,SB_S,SB_S,SB_S,SB_D,SB_D,SB_D
38,5,3,,,,SB_S,SB_D,SB_D,SB_D
22,5,3,,,,SB_S,SB_D,SB_D,SB_D
46,5,3,,,,,SB_S,SB_D,SB_D
48,5,3,,,CT_S,CT_S,SB_S,SB_S,SB_D
31,5,3,,,,,SB_S,SB_S,SB_D
37,5,3,,,SB_S,SB_D,SB_D,SB_D,SB_D
39,5,3,,,SB_S,SB_S,SB_S,SB_S,SB_D
49,5,3,,,SB_S,SB_S,SB_D,SB_D,SB_D
29,5,3,,,SB_S,SB_S,SB_D,SB_D,SB_D
5,5,3,,,SB_S,SB_S,SB_S,SB_D,SB_D
9,5,3,,,SB_S,SB_S,SB_S,SB_S,SB_D
44,5,3,,,SB_S,SB_S,SB_S,SB_S,SB_D
40,5,3,,,SB_S,SB_S,SB_S,SB_S,SB_D
20,5,3,,,SB_S,SB_S,SB_S,SB_S,SB_D
34,5,3,,,,SB_S,SB_D,SB_D,SB_D
33,5,3,,,,SB_S,SB_D,SB_D,SB_D
23,5,3,,,,SB_S,SB_D,SB_D,SB_D
21,5,3,,,,SB_S,SB_D,SB_D,SB_D
18,5,3,,,,SB_S,SB_D,SB_D,SB_D
19,5,3,,,,SB_S,SB_S,SB_D,SB_D
43,5,3,,,,,SB_S,SB_D,SB_D
25,5,3,,,,,SB_S,SB_D,SB_D
24,5,3,,,,,SB_S,SB_D,SB_D
17,5,3,,,,,SB_S,SB_D,SB_D
3,5,3,,,,,SB_S,SB_D,SB_D
1,5,3,,,,,SB_S,SB_D,SB_D
47,5,3,,,,,,SB_S,SB_D
26,5,3,,,,,,SB_S,SB_D
11,5,3,,,,,,SB_S,SB_D
10,5,3,,,,,,SB_S,SB_D
6,5,4,,SB_S,SB_S,SB_S,SB_S,SB_S,SB_D
30,5,5,,,CT_S,CT_S,CT_S,SB_S,SB_D
33,5,5,,,V_S,V_S,V_S,SB_S,SB_D
34,5,5,,,,,,SB_S,SB_D
8,5,5,,,,,,SB_S,SB_D
13,5,6,,SB_S,SB_S,SB_S,SB_S,SB_D,SB_D
1,5,6,,,SB_S,SB_S,SB_S,SB_D,SB_D
37,6,2,,SB_S,SB_S,SB_S,SB_S,SB_D,SB_D
28,6,2,,SB_S,SB_S,SB_D,SB_D,SB_D,SB_D
39,6,2,,SB_S,SB_S,SB_S,SB_D,SB_D,SB_D
10,6,2,,SB_S,SB_S,SB_S,SB_S,SB_D,SB_D
51,6,2,,,SB_S,SB_S,SB_D,SB_D,SB_D
47,6,2,,,SB_S,SB_S,SB_D,SB_D,SB_D
30,6,2,,,SB_S,SB_S,SB_S,SB_S,SB_D
23,6,2,,,SB_S,SB_S,SB_S,SB_S,SB_D
22,6,2,,,SB_S,SB_S,SB_S,SB_S,SB_D
52,6,2,,,,SB_S,SB_D,SB_D,SB_D
50,6,2,,,,SB_S,SB_D,SB_D,SB_D
46,6,3,,,,SB_S,SB_D,SB_D,SB_D
43,6,3,,SB_S,SB_S,SB_D,SB_D,SB_D,SB_D
9,6,3,,SB_S,SB_S,SB_S,SB_S,SB_D,SB_D
49,6,3,,SB_S,SB_S,SB_S,SB_D,SB_D,SB_D
37,6,3,,SB_S,SB_S,SB_S,SB_S,SB_D,SB_D
27,6,3,,SB_S,SB_S,SB_S,SB_S,SB_D,SB_D
42,6,3,,,SB_S,SB_D,SB_D,SB_D,SB_D
15,6,3,,,SB_S,SB_S,SB_D,SB_D,SB_D
18,6,3,,,SB_S,SB_S,SB_D,SB_D,SB_D
6,6,3,,,SB_S,SB_S,SB_D,SB_D,SB_D
40,6,3,,,SB_S,SB_S,SB_S,SB_D,SB_D
35,6,3,,,SB_S,SB_S,SB_S,SB_D,SB_D
2,6,3,,,SB_S,SB_S,SB_S,SB_D,SB_D
17,6,3,,,SB_S,SB_S,SB_S,SB_S,SB_D
47,6,3,,,,SB_S,SB_D,SB_D,SB_D
45,6,3,,,,SB_S,SB_D,SB_D,SB_D
44,6,3,,,,SB_S,SB_D,SB_D,SB_D
20,6,3,,,,SB_S,SB_D,SB_D,SB_D
50,6,3,,,,,SB_S,SB_D,SB_D
48,6,3,,,,,SB_S,SB_D,SB_D
52,6,3,,,,,,SB_S,SB_D
34,6,3,,,,,,SB_S,SB_D
1,6,4,,,SB_S,SB_S,SB_S,SB_S,SB_D
25,6,5,,,SB_S,SB_S,SB_S,SB_S,SB_D
33,1,1,,,,SB_S,SB_S,SB_S,SB_S
41,1,1,,,,,,SB_S,SB_S
18,1,2,,,SB_S,SB_S,SB_S,SB_S,SB_S
28,1,2,,,,SB_S,SB_S,SB_S,SB_S
27,1,2,,,,SB_S,SB_S,SB_S,SB_S
51,1,2,,,,SB_S,,,SB_S
21,1,2,,,,,SB_S,SB_S,SB_S
39,1,2,,,,,,SB_S,SB_S
27,1,3,,,,SB_S,SB_S,SB_S,SB_S
7,1,5,,,CT_S,CT_S,,SB_S,SB_S
4,1,5,,,,,,SB_S,SB_S
13,1,6,,,,,,SB_S,SB_S
17,2,1,,,,,CT_S,SB_S,SB_S
1,2,2,,,,,SB_S,SB_S,SB_S
44,2,2,,CT_S,CT_S,SB_S,SB_S,SB_S,SB_S
40,2,3,,,,,,SB_S,SB_S
9,2,4,,,,SB_S,SB_S,,SB_S
32,2,4,,,,,,SB_S,SB_S
45,3,3,,,,,SB_S,SB_S,SB_S
48,3,4,,,,,,SB_S,SB_S
47,3,5,,,SB_S,SB_S,SB_S,SB_S,SB_S
35,3,5,,,,,SB_S,SB_S,SB_S
25,3,5,,,,,SB_S,SB_S,SB_S
14,3,5,,,,,SB_S,SB_S,SB_S
17,3,5,,,,,,SB_S,SB_S
16,3,5,,,,,,SB_S,SB_S
11,4,1,,,SB_S,SB_S,SB_S,SB_S,SB_S
33,4,4,,,,SB_S,,,SB_S
12,4,5,,,SB_S,SB_S,SB_S,SB_S,SB_S
23,4,6,,,,SB_S,SB_S,SB_S,SB_S
35,4,6,,,,,SB_S,,SB_S
46,5,1,,,,SB_S,,SB_S,SB_S
42,5,1,,,,,SB_S,SB_S,SB_S
24,5,2,,,SB_S,SB_S,SB_S,SB_S,SB_S
17,5,2,,,,,,SB_S,SB_S
35,5,3,,,SB_S,SB_S,SB_S,SB_S,SB_S
36,5,3,,,SB_S,SB_S,SB_S,SB_S,SB_S
8,5,3,,,,,,SB_S,SB_S
50,5,4,,,SB_S,SB_S,SB_S,SB_S,SB_S
46,5,4,,,SB_S,SB_S,SB_S,SB_S,SB_S
10,5,4,,,SB_S,SB_S,SB_S,SB_S,SB_S
1,5,5,,,SB_S,SB_S,SB_S,SB_S,SB_S
12,5,6,,SB_S,SB_S,SB_S,SB_S,SB_S,SB_S
40,5,6,,,,SB_S,,SB_S,SB_S
38,5,6,,,,,V_S,SB_S,SB_S
47,5,6,,,,,,SB_S,SB_S
15,5,6,,,,,,SB_S,SB_S
29,6,1,,,SB_S,SB_S,SB_S,SB_S,SB_S
8,6,2,,,SB_S,SB_S,SB_S,SB_S,SB_S
15,6,2,,SB_S,SB_S,SB_S,SB_S,SB_S,SB_S
44,6,2,,,SB_S,SB_S,SB_S,SB_S,SB_S
35,6,2,,,SB_S,SB_S,SB_S,SB_S,SB_S
16,6,2,,,SB_S,SB_S,SB_S,SB_S,SB_S
11,6,2,,,SB_S,SB_S,SB_S,SB_S,SB_S
7,6,2,,,SB_S,SB_S,SB_S,SB_S,SB_S
33,6,2,,,SB_S,SB_S,SB_S,SB_S,SB_S
24,6,2,,,SB_S,SB_S,SB_S,SB_S,SB_S
33,6,3,,,,,,SB_S,SB_S
32,6,4,,,SB_S,SB_S,SB_S,SB_S,SB_S
47,6,4,,,,,,SB_S,SB_S
27,6,6,,,SB_S,SB_S,SB_S,SB_S,SB_S
28,6,5,-,-,-,-,-,-,V_S
43,1,3,,V_S,V_S,V_S,V_S,V_S,V_D
15,1,3,,V_S,V_S,V_S,V_S,V_S,V_D
40,1,4,,V_S,V_S,V_S,V_S,V_D,V_D
44,1,5,,V_S,V_S,V_S,V_S,V_D,V_D
37,2,2,,,,,V_S,V_S,V_D
1,2,3,,V_S,V_D,V_D,V_D,V_D,V_D
46,3,1,,V_S,V_S,V_D,V_D,V_D,V_D
51,3,1,,,,,,V_S,V_D
30,3,6,,V_S,V_S,V_S,V_S,V_S,V_D
31,4,6,,V_S,V_S,V_S,V_S,V_S,V_D
36,5,5,,,V_S,V_S,V_S,V_S,V_D
14,5,6,,V_S,V_S,V_S,V_S,V_D,V_D
49,5,6,,V_S,V_S,V_S,V_S,V_S,V_D
6,5,6,,,,,V_S,V_D,V_D
15,1,1,,V_S,V_S,V_S,V_S,V_S,V_S
45,1,1,,,,,,V_S,V_S
35,1,3,,V_S,V_S,V_S,V_S,V_S,V_S
33,1,3,,V_S,V_S,V_S,V_S,V_S,V_S
5,1,4,,,,,V_S,V_S,V_S
47,1,5,,V_S,V_S,V_S,V_S,V_S,V_S
35,1,5,,,,,,,V_S
34,1,5,,V_S,V_S,V_S,V_S,V_S,V_S
28,1,5,,V_S,V_S,V_S,V_S,V_S,V_S
34,1,6,,V_S,V_S,V_S,V_S,V_S,V_S
10,1,6,,V_S,V_S,V_S,V_S,V_S,V_S
32,2,2,,V_S,V_S,V_S,V_S,V_S,V_S
24,2,2,,,,,,V_S,V_S
4,2,4,,V_S,V_S,V_S,V_S,V_S,V_S
52,2,4,,,,SB_S,SB_S,V_S,V_S
13,2,4,,,V_S,V_S,V_S,V_S,V_S
46,2,4,,,,,,V_S,V_S
42,2,4,,,,,,V_S,V_S
31,2,4,,,,,,V_S,V_S
49,2,6,,V_S,V_S,V_S,V_S,V_S,V_S
10,2,6,,V_S,V_S,V_S,V_S,V_S,V_S
20,2,6,,V_S,V_S,V_S,V_S,V_S,V_S
16,2,6,,V_S,V_S,V_S,V_S,V_S,V_S
39,2,6,,,,V_S,V_S,V_S,V_S
42,2,6,,,V_S,V_S,V_S,V_S,V_S
14,2,6,,,,,,V_S,V_S
40,2,6,,,,,,V_S,V_S
24,3,1,,V_S,V_S,V_S,V_S,V_S,V_S
35,3,1,,V_S,V_S,V_S,V_S,V_S,V_S
27,3,3,,V_S,V_S,V_S,V_S,V_S,V_S
19,3,3,,V_S,V_S,V_S,V_S,V_S,V_S
22,3,3,,,,,,,V_S
47,3,3,,,O_S,O_S,V_S,V_S,V_S
33,3,3,,,,,,,V_S
34,3,3,,,,,,,V_S
49,3,4,,V_S,V_S,V_S,V_S,V_S,V_S
38,3,4,,V_S,V_S,V_S,V_S,V_S,V_S
30,3,4,,V_S,V_S,V_S,V_S,V_S,V_S
4,3,4,,V_S,V_S,V_S,V_S,V_S,V_S
21,3,4,,V_S,V_S,V_S,V_S,V_S,V_S
47,3,4,,,,,,V_S,V_S
46,3,4,,,,,,V_S,V_S
32,3,4,,,,,,,V_S
25,3,6,,V_S,V_S,V_S,V_S,V_S,V_S
9,3,6,,,,,V_S,V_S,V_S
34,3,6,,V_S,V_S,V_S,V_S,V_S,V_S
42,3,6,,V_S,V_S,V_S,V_S,V_S,V_S
19,3,6,,,V_S,V_S,V_S,V_S,V_S
3,4,2,,V_S,V_S,V_S,V_S,V_S,V_S
33,4,2,,,,V_S,V_S,V_S,V_S
19,4,2,,,,V_S,V_S,V_S,V_S
15,4,2,,,,V_S,V_S,V_S,V_S
39,4,2,,,,,,V_S,V_S
49,4,2,,,,,,V_S,V_S
48,4,3,,,,,,,V_S
15,4,3,,,V_S,V_S,V_S,V_S,V_S
13,4,3,,,,,V_S,V_S,V_S
13,4,4,,V_S,V_S,V_S,V_S,V_S,V_S
29,4,4,,V_S,V_S,V_S,V_S,V_S,V_S
17,4,4,,,,V_S,V_S,V_S,V_S
21,4,4,,,,,V_S,V_S,V_S
28,4,6,,,,,,V_S,V_S
17,4,6,,,,,,V_S,V_S
38,4,6,,,,,,,V_S
41,5,2,,V_S,V_S,V_S,V_S,V_S,V_S
39,5,2,,V_S,V_S,V_S,V_S,V_S,V_S
33,5,2,,V_S,V_S,V_S,V_S,V_S,V_S
31,5,2,,,,,V_S,V_S,V_S
5,5,2,,,,,,V_S,V_S
11,5,2,,,,,,V_S,V_S
9,5,2,,,,,,V_S,V_S
37,5,4,,V_S,V_S,V_S,V_S,V_S,V_S
25,5,4,,V_S,V_S,V_S,V_S,V_S,V_S
22,5,4,,V_S,V_S,V_S,V_S,V_S,V_S
3,5,4,,V_S,V_S,V_S,V_S,V_S,V_S
35,5,4,,,,,V_S,V_S,V_S
40,5,4,,,,,,V_S,V_S
39,5,4,,,,,,V_S,V_S
42,5,5,,,,,,,V_S
15,5,5,,V_S,V_S,V_S,V_S,V_S,V_S
14,5,5,,V_S,V_S,V_S,V_S,V_S,V_S
18,5,5,,,V_S,V_S,V_S,V_S,V_S
10,5,5,,,,,,V_S,V_S
10,5,6,,V_S,V_S,V_S,V_S,V_S,V_S
23,5,6,,,V_S,V_S,V_S,V_S,V_S
41,5,6,,,,V_S,V_S,V_S,V_S
20,5,6,,,,,V_S,V_S,V_S
8,6,1,,V_S,V_S,V_S,V_S,V_S,V_S
30,6,1,,,,V_S,V_S,V_S,V_S
22,6,1,,V_S,V_S,V_S,V_S,V_S,V_S
3,6,1,,V_S,V_S,V_S,V_S,V_S,V_S
1,6,1,,,,,,,V_S
17,6,1,,,,,V_S,V_S,V_S
15,6,1,,,,,V_S,V_S,V_S
24,6,3,,V_S,V_S,V_S,V_S,V_S,V_S
46,6,4,,V_S,V_S,V_S,V_S,V_S,V_S
45,6,4,,V_S,V_S,V_S,V_S,V_S,V_S
44,6,4,,V_S,V_S,V_S,V_S,V_S,V_S
40,6,4,,V_S,V_S,V_S,V_S,V_S,V_S
39,6,4,,V_S,V_S,V_S,V_S,V_S,V_S
31,6,4,,V_S,V_S,V_S,V_S,V_S,V_S
15,6,4,,V_S,V_S,V_S,V_S,V_S,V_S
21,6,4,,,,,,V_S,V_S
41,6,4,,,,,,,V_S
48,6,4,,,,,,,V_S
24,6,5,,,,V_S,V_S,V_S,V_S
27,6,5,,,-,-,-,-,V_S
1,6,5,,,V_S,V_S,V_S,V_S,V_S
47,6,5,,,,,V_S,V_S,V_S
2,6,6,,V_S,V_S,V_S,V_S,V_S,V_S
12,6,6,,V_S,V_S,V_S,V_S,V_S,V_S
40,6,6,,,,,,V_S,V_S
7,6,6,,,,,,V_S,V_S
49,1,1,,CT_S,CT_S,CT_S,CT_S,CT_S,
50,1,1,,CT_S,CT_S,CT_S,CT_S,CT_S,
46,1,1,,,,,,,
47,1,1,,,,,,,
48,1,1,,,,,,,
51,1,1,,,,,,,
53,1,2,,,,,,,
51,1,3,,,,,,,
52,1,3,,,,,,,
31,1,5,,CT_S,CT_S,CT_S,CT_S,CT_S,
31,1,6,,,,,,,
50,2,1,,,,,,,
35,2,6,,,,,,,
53,3,1,,,,,,,
54,3,1,,,,,,,
55,3,1,,,,,,,
56,3,1,,,,,,,
57,3,1,,,,,,,
40,3,3,,,,O_S,O_S,,
51,4,3,,,,,,,
11,6,4,,,,V_S,V_S,,
51,6,6,,,SB_S,SB_S,,,
50,6,6,,,,,,,
52,6,6,,,,,,,